{"cameraMode":{"drawMode":0,"name":"Shaded","section":"Shading Mode"},"sceneLighting":false,"audioPlay":false,"sceneViewState":{"showFog":false,"showMaterialUpdate":true,"showSkybox":false,"showFlares":true,"showImageEffects":true,"showParticleSystems":true},"in2DMode":false,"pivot":{"x":-0.1430652141571045,"y":0.0,"z":-0.14719164371490479},"rotation":{"x":0.22669747471809388,"y":0.06520639359951019,"z":-0.015199759975075722,"w":0.9716929197311401},"size":5.393009662628174,"orthographic":false}