{"cameraMode":{"drawMode":0,"name":"Shaded","section":"Shading Mode"},"sceneLighting":false,"audioPlay":false,"sceneViewState":{"showFog":true,"showMaterialUpdate":true,"showSkybox":true,"showFlares":true,"showImageEffects":true,"showParticleSystems":true},"in2DMode":false,"pivot":{"x":557.823486328125,"y":114.08977508544922,"z":1733.807861328125},"rotation":{"x":-0.02228153496980667,"y":0.873085618019104,"z":-0.039771899580955508,"w":-0.48553958535194399},"size":3.286301851272583,"orthographic":false}